Date/Time,01 Jul 2026 14.52.52,,,
Application,CtC,,,
,,,,
Unit ID,12345678,,,
OVD,NO,,,
,,,,
,,,,
,,,CH1 Units,gE
,,,,
,,,,
,,,CH1 Y-Axis,Linear
,,,,
,,,,
Sensitivity,23.6,,,
,,,,
,,,,
,,,,
,,,,
,,,,
,,,,
Max Freq / Orders,2000,,,
,,,,
,,,,
,,,,
Detection,TruePkPk,,,
No. of Lines,1600,,,
Window Type,Hanning,,,
,,,,
,,,,
,,,,
,,,,
,,,,
,,,,
,,,,
,,,,
,,,,
,,,,
,,,,
,,,,
,,,,
,,,,
,,,,
,,,,
,,,,
,,,,
Y-axis Units,gE,,,
X-axis Units,Hz,,,
,,,,
,,,,
Sensor Type,Accel (g),,,
,,,,
,,,,
,,,,
,,,,
,,,,
,,,,
RPM,1755,,,
,,,,
Overall,5.5608983,,,
X-Axis,Y-Axis,,,
0,0.973169744,,,
1.25,0.96164763,,,
2.5,0.0381843,,,
3.75,0.042213999,,,
5,0.100574277,,,
6.25,0.051318824,,,
7.5,0.057986289,,,
8.75,0.062377721,,,
10,0.093871661,,,
11.25,0.09957286,,,
12.5,0.051481854,,,
13.75,0.073268265,,,
15,0.022246705,,,
16.25,0.052091379,,,
17.5,0.071796924,,,
18.75,0.080088794,,,
20,0.026410984,,,
21.25,0.058246534,,,
22.5,0.097107768,,,
23.75,0.030922458,,,
25,0.108579665,,,
26.25,0.041443072,,,
27.5,0.06091094,,,
28.75,0.089400701,,,
30,0.085769281,,,
31.25,0.029542118,,,
32.5,0.035625868,,,
33.75,0.142317459,,,
35,0.147399113,,,
36.25,0.096063554,,,
37.5,0.056860667,,,
38.75,0.064069949,,,
40,0.215013191,,,
41.25,0.316742003,,,
42.5,0.09399496,,,
43.75,0.057464007,,,
45,0.042977642,,,
46.25,0.052528709,,,
47.5,0.005916289,,,
48.75,0.044528667,,,
50,0.020630985,,,
51.25,0.054027911,,,
52.5,0.048120379,,,
53.75,0.090895623,,,
55,0.088468157,,,
56.25,0.027185459,,,
57.5,0.02208356,,,
58.75,0.082122467,,,
60,0.06495475,,,
61.25,0.024571968,,,
62.5,0.033581063,,,
63.75,0.095292963,,,
65,0.036220003,,,
66.25,0.050485469,,,
67.5,0.017819555,,,
68.75,0.005378297,,,
70,0.04131005,,,
71.25,0.013437699,,,
72.5,0.096809044,,,
73.75,0.074581273,,,
75,0.073611081,,,
76.25,0.061674587,,,
77.5,0.01531146,,,
78.75,0.065539576,,,
80,0.073433854,,,
81.25,0.022580726,,,
82.5,0.051027477,,,
83.75,0.05053927,,,
85,0.049085192,,,
86.25,0.080917187,,,
87.5,0.027784789,,,
88.75,0.055157278,,,
90,0.046423972,,,
91.25,0.069555737,,,
92.5,0.030276291,,,
93.75,0.01496199,,,
95,0.028074719,,,
96.25,0.036024321,,,
97.5,0.022098232,,,
98.75,0.028392786,,,
100,0.024459532,,,
101.25,0.022107812,,,
102.5,0.050970882,,,
103.75,0.058522273,,,
105,0.038049195,,,
106.25,0.021676306,,,
107.5,0.023393335,,,
108.75,0.045540135,,,
110,0.075038359,,,
111.25,0.07042753,,,
112.5,0.026265854,,,
113.75,0.025698015,,,
115,0.026104007,,,
116.25,0.043129545,,,
117.5,0.024753086,,,
118.75,0.018566638,,,
120,0.012341022,,,
121.25,0.045481741,,,
122.5,0.036054716,,,
123.75,0.06209363,,,
125,0.052494839,,,
126.25,0.026880484,,,
127.5,0.053011347,,,
128.75,0.048462048,,,
130,0.041884739,,,
131.25,0.062725104,,,
132.5,0.05387231,,,
133.75,0.00557115,,,
135,0.035626788,,,
136.25,0.043616194,,,
137.5,0.065559238,,,
138.75,0.011112024,,,
140,0.065130062,,,
141.25,0.084203966,,,
142.5,0.037386209,,,
143.75,0.005805062,,,
145,0.014156926,,,
146.25,0.024771927,,,
147.5,0.017177567,,,
148.75,0.018529527,,,
150,0.03933632,,,
151.25,0.063959204,,,
152.5,0.052698776,,,
153.75,0.031820964,,,
155,0.060511656,,,
156.25,0.039947156,,,
157.5,0.014101355,,,
158.75,0.027504645,,,
160,0.027538089,,,
161.25,0.021528505,,,
162.5,0.039443411,,,
163.75,0.084147438,,,
165,0.073378265,,,
166.25,0.052520931,,,
167.5,0.02343256,,,
168.75,0.019375345,,,
170,0.026483733,,,
171.25,0.008953699,,,
172.5,0.034035265,,,
173.75,0.053268109,,,
175,0.058350854,,,
176.25,0.050167259,,,
177.5,0.013754604,,,
178.75,0.025303671,,,
180,0.044776917,,,
181.25,0.044222828,,,
182.5,0.034863818,,,
183.75,0.027207999,,,
185,0.027738584,,,
186.25,0.019275131,,,
187.5,0.010974861,,,
188.75,0.031581741,,,
190,0.011359801,,,
191.25,0.016900709,,,
192.5,0.005552762,,,
193.75,0.033822645,,,
195,0.049516335,,,
196.25,0.024532538,,,
197.5,0.032083251,,,
198.75,0.027209219,,,
200,0.012064559,,,
201.25,0.021250173,,,
202.5,0.035476342,,,
203.75,0.048452482,,,
205,0.117186062,,,
206.25,0.076410271,,,
207.5,0.029512538,,,
208.75,0.029122779,,,
210,0.025686221,,,
211.25,0.026583776,,,
212.5,0.037827361,,,
213.75,0.079175524,,,
215,0.063965492,,,
216.25,0.026340785,,,
217.5,0.037333943,,,
218.75,0.022623433,,,
220,0.028623635,,,
221.25,0.026164273,,,
222.5,0.056591298,,,
223.75,0.079992212,,,
225,0.04873684,,,
226.25,0.034635361,,,
227.5,0.04756292,,,
228.75,0.025759233,,,
230,0.05855206,,,
231.25,0.086780936,,,
232.5,0.05596951,,,
233.75,0.044493519,,,
235,0.03910568,,,
236.25,0.030147234,,,
237.5,0.04450747,,,
238.75,0.05936528,,,
240,0.051137712,,,
241.25,0.054566253,,,
242.5,0.022561299,,,
243.75,0.003381971,,,
245,0.037192069,,,
246.25,0.06102062,,,
247.5,0.065109238,,,
248.75,0.032774013,,,
250,0.025171958,,,
251.25,0.028140957,,,
252.5,0.008047659,,,
253.75,0.016967053,,,
255,0.049717203,,,
256.25,0.036254723,,,
257.5,0.043698341,,,
258.75,0.052547414,,,
260,0.040716171,,,
261.25,0.041896567,,,
262.5,0.019182034,,,
263.75,0.062084097,,,
265,0.056297708,,,
266.25,0.030763347,,,
267.5,0.034714147,,,
268.75,0.056490537,,,
270,0.061304256,,,
271.25,0.061269142,,,
272.5,0.051459774,,,
273.75,0.025474481,,,
275,0.03046939,,,
276.25,0.027987717,,,
277.5,0.051114269,,,
278.75,0.052995529,,,
280,0.025023416,,,
281.25,0.027098101,,,
282.5,0.024218557,,,
283.75,0.018760068,,,
285,0.027784711,,,
286.25,0.039161697,,,
287.5,0.020934733,,,
288.75,0.014844063,,,
290,0.025005212,,,
291.25,0.022578774,,,
292.5,0.006712728,,,
293.75,0.019044949,,,
295,0.02623166,,,
296.25,0.023846705,,,
297.5,0.018602613,,,
298.75,0.014688945,,,
300,0.021036623,,,
301.25,0.031612832,,,
302.5,0.030919511,,,
303.75,0.015645945,,,
305,0.036773279,,,
306.25,0.031840887,,,
307.5,0.007156061,,,
308.75,0.025513656,,,
310,0.022397408,,,
311.25,0.020741487,,,
312.5,0.009412948,,,
313.75,0.028982313,,,
315,0.022978337,,,
316.25,0.018150397,,,
317.5,0.003928214,,,
318.75,0.022306889,,,
320,0.033050995,,,
321.25,0.03420547,,,
322.5,0.026956817,,,
323.75,0.004642484,,,
325,0.026676236,,,
326.25,0.026805498,,,
327.5,0.02501794,,,
328.75,0.022145957,,,
330,0.011143086,,,
331.25,0.022705814,,,
332.5,0.030774267,,,
333.75,0.020305352,,,
335,0.024656838,,,
336.25,0.02875573,,,
337.5,0.028962273,,,
338.75,0.020147072,,,
340,0.035743404,,,
341.25,0.027423112,,,
342.5,0.008394839,,,
343.75,0.013534734,,,
345,0.02055523,,,
346.25,0.033291448,,,
347.5,0.020349594,,,
348.75,0.024369152,,,
350,0.040035546,,,
351.25,0.010119489,,,
352.5,0.036410242,,,
353.75,0.046685193,,,
355,0.029516103,,,
356.25,0.005441783,,,
357.5,0.00389329,,,
358.75,0.020583337,,,
360,0.046730358,,,
361.25,0.038615547,,,
362.5,0.007370023,,,
363.75,0.027374273,,,
365,0.006794846,,,
366.25,0.013569862,,,
367.5,0.012257881,,,
368.75,0.016308192,,,
370,0.016375689,,,
371.25,0.003737706,,,
372.5,0.013652198,,,
373.75,0.021427805,,,
375,0.013363022,,,
376.25,0.022089062,,,
377.5,0.03516927,,,
378.75,0.026071407,,,
380,0.016089883,,,
381.25,0.031820226,,,
382.5,0.008888864,,,
383.75,0.023081688,,,
385,0.037132777,,,
386.25,0.002758338,,,
387.5,0.042465672,,,
388.75,0.036501605,,,
390,0.013677758,,,
391.25,0.007492212,,,
392.5,0.010400061,,,
393.75,0.033930816,,,
395,0.023875056,,,
396.25,0.027120301,,,
397.5,0.032199319,,,
398.75,0.013324472,,,
400,0.015560742,,,
401.25,0.018565709,,,
402.5,0.003824849,,,
403.75,0.021011652,,,
405,0.01515684,,,
406.25,0.019188689,,,
407.5,0.016466394,,,
408.75,0.00763127,,,
410,0.016934147,,,
411.25,0.017948328,,,
412.5,0.023229878,,,
413.75,0.01423528,,,
415,0.02475859,,,
416.25,0.018256446,,,
417.5,0.009230202,,,
418.75,0.007961146,,,
420,0.013919661,,,
421.25,0.014607331,,,
422.5,0.003790585,,,
423.75,0.024672827,,,
425,0.034687344,,,
426.25,0.016419636,,,
427.5,0.005702786,,,
428.75,0.023052992,,,
430,0.017755616,,,
431.25,0.009580038,,,
432.5,0.014209107,,,
433.75,0.003327241,,,
435,0.043115791,,,
436.25,0.034658469,,,
437.5,0.045456946,,,
438.75,0.028225934,,,
440,0.031976394,,,
441.25,0.0167749,,,
442.5,0.026833283,,,
443.75,0.023270186,,,
445,0.005125405,,,
446.25,0.019395296,,,
447.5,0.018989315,,,
448.75,0.014752953,,,
450,0.016347488,,,
451.25,0.027798796,,,
452.5,0.02398935,,,
453.75,0.025706833,,,
455,0.021322094,,,
456.25,0.01262249,,,
457.5,0.008733042,,,
458.75,0.011982229,,,
460,0.015673898,,,
461.25,0.026204372,,,
462.5,0.02842162,,,
463.75,0.030880788,,,
465,0.031978618,,,
466.25,0.007369799,,,
467.5,0.011463778,,,
468.75,0.022868725,,,
470,0.026136415,,,
471.25,0.01221682,,,
472.5,0.011915291,,,
473.75,0.018628936,,,
475,0.014082523,,,
476.25,0.028953791,,,
477.5,0.021713134,,,
478.75,0.017956618,,,
480,0.037583426,,,
481.25,0.041403294,,,
482.5,0.024748756,,,
483.75,0.030818425,,,
485,0.015324911,,,
486.25,0.013788522,,,
487.5,0.015843112,,,
488.75,0.015518744,,,
490,0.016567947,,,
491.25,0.011001131,,,
492.5,0.005213189,,,
493.75,0.013040671,,,
495,0.030081285,,,
496.25,0.022358431,,,
497.5,0.02204572,,,
498.75,0.02042261,,,
500,0.019658238,,,
501.25,0.032393318,,,
502.5,0.028214404,,,
503.75,0.010036817,,,
505,0.026993804,,,
506.25,0.023626015,,,
507.5,0.011914128,,,
508.75,0.013461917,,,
510,0.013831411,,,
511.25,0.019148996,,,
512.5,0.01231999,,,
513.75,0.018995987,,,
515,0.017978318,,,
516.25,0.016413303,,,
517.5,0.026043739,,,
518.75,0.017755125,,,
520,0.01505002,,,
521.25,0.018989367,,,
522.5,0.018472295,,,
523.75,0.022955788,,,
525,0.022940055,,,
526.25,0.016814252,,,
527.5,0.02405527,,,
528.75,0.016486891,,,
530,0.018801995,,,
531.25,0.005730194,,,
532.5,0.0244726,,,
533.75,0.010059169,,,
535,0.011730154,,,
536.25,0.019282123,,,
537.5,0.018287746,,,
538.75,0.0061673,,,
540,0.022899846,,,
541.25,0.038231038,,,
542.5,0.031822827,,,
543.75,0.014328326,,,
545,0.012502721,,,
546.25,0.018772753,,,
547.5,0.016431481,,,
548.75,0.022465613,,,
550,0.004255461,,,
551.25,0.015711736,,,
552.5,0.003753199,,,
553.75,0.005518729,,,
555,0.011946666,,,
556.25,0.017178884,,,
557.5,0.0211032,,,
558.75,0.016913868,,,
560,0.01360709,,,
561.25,0.001481823,,,
562.5,0.024577361,,,
563.75,0.044610005,,,
565,0.036987208,,,
566.25,0.019478137,,,
567.5,0.017040515,,,
568.75,0.020723753,,,
570,0.01400316,,,
571.25,0.019403288,,,
572.5,0.029501239,,,
573.75,0.017597584,,,
575,0.017310524,,,
576.25,0.016760182,,,
577.5,0.009789299,,,
578.75,0.011270987,,,
580,0.012552743,,,
581.25,0.024509361,,,
582.5,0.01901431,,,
583.75,0.018584361,,,
585,0.006864601,,,
586.25,0.028163478,,,
587.5,0.02435986,,,
588.75,0.022599049,,,
590,0.010764811,,,
591.25,0.007391599,,,
592.5,0.014502875,,,
593.75,0.010421356,,,
595,0.009060958,,,
596.25,0.016255945,,,
597.5,0.013569463,,,
598.75,0.00543841,,,
600,0.000791333,,,
601.25,0.013820899,,,
602.5,0.015036738,,,
603.75,0.012977073,,,
605,0.02278032,,,
606.25,0.009789977,,,
607.5,0.014831843,,,
608.75,0.015198305,,,
610,0.017133068,,,
611.25,0.012326782,,,
612.5,0.003554347,,,
613.75,0.007780345,,,
615,0.017168285,,,
616.25,0.022850983,,,
617.5,0.016930576,,,
618.75,0.013865067,,,
620,0.011722167,,,
621.25,0.002202236,,,
622.5,0.013441064,,,
623.75,0.017148703,,,
625,0.011171621,,,
626.25,0.004132379,,,
627.5,0.009972914,,,
628.75,0.010203971,,,
630,0.009345668,,,
631.25,0.011528837,,,
632.5,0.008234498,,,
633.75,0.017349321,,,
635,0.020508664,,,
636.25,0.021192873,,,
637.5,0.016144915,,,
638.75,0.010047369,,,
640,0.017074201,,,
641.25,0.011577404,,,
642.5,0.005251365,,,
643.75,0.012410711,,,
645,0.022395663,,,
646.25,0.030370664,,,
647.5,0.012314072,,,
648.75,0.007681265,,,
650,0.009922491,,,
651.25,0.012259109,,,
652.5,0.019834694,,,
653.75,0.025066884,,,
655,0.012660297,,,
656.25,0.012912094,,,
657.5,0.024061268,,,
658.75,0.020373208,,,
660,0.014811249,,,
661.25,0.004423909,,,
662.5,0.008748254,,,
663.75,0.013370445,,,
665,0.012574109,,,
666.25,0.003119085,,,
667.5,0.015461102,,,
668.75,0.012606528,,,
670,0.018010501,,,
671.25,0.011449522,,,
672.5,0.004973992,,,
673.75,0.002873185,,,
675,0.008794653,,,
676.25,0.006612179,,,
677.5,0.004657894,,,
678.75,0.003657773,,,
680,0.007101216,,,
681.25,0.013211343,,,
682.5,0.019376397,,,
683.75,0.009426498,,,
685,0.006972613,,,
686.25,0.014380219,,,
687.5,0.013723765,,,
688.75,0.014368903,,,
690,0.009812126,,,
691.25,0.010860555,,,
692.5,0.004403783,,,
693.75,0.007741569,,,
695,0.018526698,,,
696.25,0.014863671,,,
697.5,0.004571073,,,
698.75,0.003568133,,,
700,0.012585144,,,
701.25,0.008060448,,,
702.5,0.008868904,,,
703.75,0.005168064,,,
705,0.018643018,,,
706.25,0.030043345,,,
707.5,0.016153716,,,
708.75,0.026435548,,,
710,0.022658898,,,
711.25,0.018643143,,,
712.5,0.010285992,,,
713.75,0.006168034,,,
715,0.010237092,,,
716.25,0.017648315,,,
717.5,0.023181064,,,
718.75,0.016810128,,,
720,0.013139101,,,
721.25,0.003710056,,,
722.5,0.020705288,,,
723.75,0.026653258,,,
725,0.018244874,,,
726.25,0.007968897,,,
727.5,0.018848168,,,
728.75,0.015338285,,,
730,0.010385686,,,
731.25,0.013012145,,,
732.5,0.013684832,,,
733.75,0.009958178,,,
735,0.009798254,,,
736.25,0.014619836,,,
737.5,0.027734838,,,
738.75,0.018777968,,,
740,0.005004218,,,
741.25,0.008609381,,,
742.5,0.002869459,,,
743.75,0.008709782,,,
745,0.008293792,,,
746.25,0.008083261,,,
747.5,0.010107586,,,
748.75,0.005832547,,,
750,0.02279464,,,
751.25,0.03943726,,,
752.5,0.032874826,,,
753.75,0.014673719,,,
755,0.006545797,,,
756.25,0.011603356,,,
757.5,0.014558375,,,
758.75,0.005735421,,,
760,0.00504035,,,
761.25,0.018696774,,,
762.5,0.02507202,,,
763.75,0.021803137,,,
765,0.004890325,,,
766.25,0.012117773,,,
767.5,0.016574226,,,
768.75,0.011728316,,,
770,0.009277933,,,
771.25,0.007416782,,,
772.5,0.003723382,,,
773.75,0.013251889,,,
775,0.014640339,,,
776.25,0.00900685,,,
777.5,0.017403807,,,
778.75,0.017855402,,,
780,0.014967703,,,
781.25,0.011718815,,,
782.5,0.014676329,,,
783.75,0.011307905,,,
785,0.011787359,,,
786.25,0.013948405,,,
787.5,0.013385385,,,
788.75,0.010990102,,,
790,0.013585931,,,
791.25,0.014554483,,,
792.5,0.025069542,,,
793.75,0.018121008,,,
795,0.004012653,,,
796.25,0.005521574,,,
797.5,0.011781109,,,
798.75,0.015409404,,,
800,0.009688487,,,
801.25,0.002073461,,,
802.5,0.025895147,,,
803.75,0.033119321,,,
805,0.026771473,,,
806.25,0.022319265,,,
807.5,0.005433006,,,
808.75,0.014155484,,,
810,0.006674879,,,
811.25,0.025944266,,,
812.5,0.018340714,,,
813.75,0.012018005,,,
815,0.022151424,,,
816.25,0.019676369,,,
817.5,0.015008126,,,
818.75,0.010203506,,,
820,0.003249634,,,
821.25,0.006304144,,,
822.5,0.004843146,,,
823.75,0.011306328,,,
825,0.006637223,,,
826.25,0.030816635,,,
827.5,0.034060806,,,
828.75,0.02183968,,,
830,0.01007787,,,
831.25,0.011497905,,,
832.5,0.019178282,,,
833.75,0.036202319,,,
835,0.015547372,,,
836.25,0.018300442,,,
837.5,0.025321295,,,
838.75,0.027684703,,,
840,0.012154621,,,
841.25,0.012352091,,,
842.5,0.00484427,,,
843.75,0.015632203,,,
845,0.031598177,,,
846.25,0.018575097,,,
847.5,0.009840227,,,
848.75,0.014217978,,,
850,0.033916142,,,
851.25,0.0361096,,,
852.5,0.021645723,,,
853.75,0.013181821,,,
855,0.011744094,,,
856.25,0.002390114,,,
857.5,0.012557771,,,
858.75,0.008939193,,,
860,0.026682196,,,
861.25,0.0424801,,,
862.5,0.028363885,,,
863.75,0.003970622,,,
865,0.011221637,,,
866.25,0.010072726,,,
867.5,0.012947994,,,
868.75,0.014175619,,,
870,0.020963719,,,
871.25,0.010311809,,,
872.5,0.0027033,,,
873.75,0.013008356,,,
875,0.019237457,,,
876.25,0.016264951,,,
877.5,0.003663058,,,
878.75,0.007132004,,,
880,0.014762005,,,
881.25,0.008909162,,,
882.5,0.004752714,,,
883.75,0.002401357,,,
885,0.017627211,,,
886.25,0.023263475,,,
887.5,0.008415941,,,
888.75,0.023618806,,,
890,0.009375148,,,
891.25,0.023304602,,,
892.5,0.030244054,,,
893.75,0.024958896,,,
895,0.006688864,,,
896.25,0.016481023,,,
897.5,0.014799984,,,
898.75,0.007444593,,,
900,0.006884568,,,
901.25,0.009651803,,,
902.5,0.015404387,,,
903.75,0.003156116,,,
905,0.013624146,,,
906.25,0.008980857,,,
907.5,0.016266475,,,
908.75,0.015167318,,,
910,0.008652261,,,
911.25,0.024371495,,,
912.5,0.018134564,,,
913.75,0.00503587,,,
915,0.013912685,,,
916.25,0.004996244,,,
917.5,0.016679179,,,
918.75,0.016312005,,,
920,0.005924333,,,
921.25,0.0082552,,,
922.5,0.011391763,,,
923.75,0.018040897,,,
925,0.022096032,,,
926.25,0.013972592,,,
927.5,0.008026375,,,
928.75,0.009156305,,,
930,0.015968762,,,
931.25,0.006240721,,,
932.5,0.01496688,,,
933.75,0.012075556,,,
935,0.014337166,,,
936.25,0.020136405,,,
937.5,0.021723481,,,
938.75,0.016539507,,,
940,0.010985294,,,
941.25,0.012224359,,,
942.5,0.012804599,,,
943.75,0.020870099,,,
945,0.01419796,,,
946.25,0.006316719,,,
947.5,0.016691564,,,
948.75,0.016766431,,,
950,0.01143376,,,
951.25,0.015914969,,,
952.5,0.019814519,,,
953.75,0.012614135,,,
955,0.005415405,,,
956.25,0.008907657,,,
957.5,0.019490264,,,
958.75,0.014113536,,,
960,0.006730307,,,
961.25,0.008025895,,,
962.5,0.005180094,,,
963.75,0.005434071,,,
965,0.00246622,,,
966.25,0.009674059,,,
967.5,0.009306219,,,
968.75,0.004261252,,,
970,0.004370984,,,
971.25,0.007636415,,,
972.5,0.018640501,,,
973.75,0.023290835,,,
975,0.019191675,,,
976.25,0.011891993,,,
977.5,0.013788445,,,
978.75,0.01051746,,,
980,0.008025746,,,
981.25,0.006926071,,,
982.5,0.017009662,,,
983.75,0.028690452,,,
985,0.024247592,,,
986.25,0.013375404,,,
987.5,0.00617544,,,
988.75,0.007951102,,,
990,0.018670175,,,
991.25,0.013079606,,,
992.5,0.005580619,,,
993.75,0.010107392,,,
995,0.014228613,,,
996.25,0.013855576,,,
997.5,0.017078452,,,
998.75,0.013165672,,,
1000,0.025391294,,,
1001.25,0.013618616,,,
1002.5,0.00465186,,,
1003.75,0.003904025,,,
1005,0.007763152,,,
1006.25,0.019993024,,,
1007.5,0.022186175,,,
1008.75,0.021256115,,,
1010,0.013164398,,,
1011.25,0.014647895,,,
1012.5,0.009025856,,,
1013.75,0.00911597,,,
1015,0.011688121,,,
1016.25,0.009326679,,,
1017.5,0.006786229,,,
1018.75,0.025164306,,,
1020,0.025464468,,,
1021.25,0.014963173,,,
1022.5,0.01438698,,,
1023.75,0.005736699,,,
1025,0.013233278,,,
1026.25,0.009675108,,,
1027.5,0.011267277,,,
1028.75,0.018839089,,,
1030,0.009799696,,,
1031.25,0.001566667,,,
1032.5,0.010084435,,,
1033.75,0.015645808,,,
1035,0.015329626,,,
1036.25,0.01777952,,,
1037.5,0.03051387,,,
1038.75,0.030684706,,,
1040,0.014401882,,,
1041.25,0.013243864,,,
1042.5,0.010426694,,,
1043.75,0.003890631,,,
1045,0.011567617,,,
1046.25,0.007538082,,,
1047.5,0.016994175,,,
1048.75,0.017628368,,,
1050,0.008508286,,,
1051.25,0.014370522,,,
1052.5,0.010527722,,,
1053.75,0.006134766,,,
1055,0.016643131,,,
1056.25,0.005341094,,,
1057.5,0.00893209,,,
1058.75,0.009185357,,,
1060,0.008320627,,,
1061.25,0.015462535,,,
1062.5,0.009893175,,,
1063.75,0.007475179,,,
1065,0.018635713,,,
1066.25,0.015216671,,,
1067.5,0.012361445,,,
1068.75,0.014287417,,,
1070,0.006765073,,,
1071.25,0.008666781,,,
1072.5,0.001833178,,,
1073.75,0.013491181,,,
1075,0.015456551,,,
1076.25,0.005804416,,,
1077.5,0.013281909,,,
1078.75,0.016841497,,,
1080,0.016195048,,,
1081.25,0.005503792,,,
1082.5,0.004543486,,,
1083.75,0.004669818,,,
1085,0.009349772,,,
1086.25,0.011135702,,,
1087.5,0.007706355,,,
1088.75,0.003035645,,,
1090,0.002083767,,,
1091.25,0.00760857,,,
1092.5,0.009012813,,,
1093.75,0.008913767,,,
1095,0.005761325,,,
1096.25,0.001735664,,,
1097.5,0.003279016,,,
1098.75,0.011878883,,,
1100,0.009162745,,,
1101.25,0.004922859,,,
1102.5,0.008056492,,,
1103.75,0.006499648,,,
1105,0.01158873,,,
1106.25,0.022891227,,,
1107.5,0.008123567,,,
1108.75,0.008167268,,,
1110,0.004162218,,,
1111.25,0.00409554,,,
1112.5,0.006664838,,,
1113.75,0.002431459,,,
1115,0.005893913,,,
1116.25,0.011136955,,,
1117.5,0.025543705,,,
1118.75,0.013698704,,,
1120,0.015507742,,,
1121.25,0.014392494,,,
1122.5,0.007214278,,,
1123.75,0.01381804,,,
1125,0.008131476,,,
1126.25,0.011022492,,,
1127.5,0.009131944,,,
1128.75,0.006795456,,,
1130,0.010111406,,,
1131.25,0.013886311,,,
1132.5,0.016041532,,,
1133.75,0.006632554,,,
1135,0.015851494,,,
1136.25,0.011332883,,,
1137.5,0.00692689,,,
1138.75,0.011725266,,,
1140,0.019363675,,,
1141.25,0.012704775,,,
1142.5,0.005302712,,,
1143.75,0.00529135,,,
1145,0.002313707,,,
1146.25,0.016481087,,,
1147.5,0.013762756,,,
1148.75,0.012982349,,,
1150,0.005147787,,,
1151.25,0.010300317,,,
1152.5,0.015593633,,,
1153.75,0.014839167,,,
1155,0.018481946,,,
1156.25,0.018987827,,,
1157.5,0.027443251,,,
1158.75,0.015277172,,,
1160,0.005499016,,,
1161.25,0.004084263,,,
1162.5,0.006591173,,,
1163.75,0.010517286,,,
1165,0.003369061,,,
1166.25,0.008614521,,,
1167.5,0.011532419,,,
1168.75,0.017649904,,,
1170,0.010395884,,,
1171.25,0.001522487,,,
1172.5,0.006761222,,,
1173.75,0.004703955,,,
1175,0.003046058,,,
1176.25,0.004602225,,,
1177.5,0.006276873,,,
1178.75,0.004733889,,,
1180,0.005996928,,,
1181.25,0.012298835,,,
1182.5,0.013712458,,,
1183.75,0.010019158,,,
1185,0.005715605,,,
1186.25,0.002533656,,,
1187.5,0.000354222,,,
1188.75,0.009241868,,,
1190,0.017306618,,,
1191.25,0.02498614,,,
1192.5,0.014406209,,,
1193.75,0.006160761,,,
1195,0.011552286,,,
1196.25,0.022936402,,,
1197.5,0.020829197,,,
1198.75,0.00334617,,,
1200,0.014803339,,,
1201.25,0.012624692,,,
1202.5,0.006233178,,,
1203.75,0.00809638,,,
1205,0.008107036,,,
1206.25,0.002336516,,,
1207.5,0.005301285,,,
1208.75,0.006685384,,,
1210,0.004580929,,,
1211.25,0.002531693,,,
1212.5,0.005362228,,,
1213.75,0.008819356,,,
1215,0.010161664,,,
1216.25,0.010048516,,,
1217.5,0.007137024,,,
1218.75,0.013273412,,,
1220,0.009674755,,,
1221.25,0.00737179,,,
1222.5,0.013394576,,,
1223.75,0.007954783,,,
1225,0.010516979,,,
1226.25,0.009424471,,,
1227.5,0.008838057,,,
1228.75,0.00820627,,,
1230,0.017386427,,,
1231.25,0.004067557,,,
1232.5,0.014707793,,,
1233.75,0.010641181,,,
1235,0.014653664,,,
1236.25,0.0184683,,,
1237.5,0.009022505,,,
1238.75,0.00966295,,,
1240,0.011444267,,,
1241.25,0.008992459,,,
1242.5,0.003666299,,,
1243.75,0.009580154,,,
1245,0.016193593,,,
1246.25,0.019732848,,,
1247.5,0.016298944,,,
1248.75,0.012249068,,,
1250,0.011578652,,,
1251.25,0.01448729,,,
1252.5,0.015738737,,,
1253.75,0.006064191,,,
1255,0.007964365,,,
1256.25,0.008097162,,,
1257.5,0.009038961,,,
1258.75,0.011078005,,,
1260,0.009404514,,,
1261.25,0.009847943,,,
1262.5,0.004357736,,,
1263.75,0.005961048,,,
1265,0.002430321,,,
1266.25,0.005322597,,,
1267.5,0.008067439,,,
1268.75,0.007781289,,,
1270,0.000146898,,,
1271.25,0.000533776,,,
1272.5,0.002747239,,,
1273.75,0.007206079,,,
1275,0.002536932,,,
1276.25,0.007483341,,,
1277.5,0.004805563,,,
1278.75,0.006932886,,,
1280,0.013238371,,,
1281.25,0.006070007,,,
1282.5,0.008087424,,,
1283.75,0.008633626,,,
1285,0.008240047,,,
1286.25,0.003133775,,,
1287.5,0.010208321,,,
1288.75,0.008572747,,,
1290,0.004390417,,,
1291.25,0.002637482,,,
1292.5,0.011434605,,,
1293.75,0.012333956,,,
1295,0.006194421,,,
1296.25,0.012713403,,,
1297.5,0.006697741,,,
1298.75,0.010945097,,,
1300,0.003779422,,,
1301.25,0.010859373,,,
1302.5,0.013234931,,,
1303.75,0.001036922,,,
1305,0.009647295,,,
1306.25,0.013342855,,,
1307.5,0.018885931,,,
1308.75,0.016589055,,,
1310,0.007510545,,,
1311.25,0.024486069,,,
1312.5,0.014003185,,,
1313.75,0.009420973,,,
1315,0.019593872,,,
1316.25,0.018448448,,,
1317.5,0.008509087,,,
1318.75,0.008081449,,,
1320,0.01205495,,,
1321.25,0.006090161,,,
1322.5,0.00754642,,,
1323.75,0.015519999,,,
1325,0.025427861,,,
1326.25,0.018557485,,,
1327.5,0.015473886,,,
1328.75,0.016421443,,,
1330,0.01281782,,,
1331.25,0.008022666,,,
1332.5,0.010301447,,,
1333.75,0.00982038,,,
1335,0.01396676,,,
1336.25,0.016547699,,,
1337.5,0.010427225,,,
1338.75,0.015969852,,,
1340,0.014879114,,,
1341.25,0.005527099,,,
1342.5,0.003259892,,,
1343.75,0.00888472,,,
1345,0.004873448,,,
1346.25,0.012282565,,,
1347.5,0.00876402,,,
1348.75,0.00599182,,,
1350,0.019433847,,,
1351.25,0.018725079,,,
1352.5,0.004167803,,,
1353.75,0.001305994,,,
1355,0.015937801,,,
1356.25,0.030115614,,,
1357.5,0.026783131,,,
1358.75,0.002958359,,,
1360,0.001435878,,,
1361.25,0.01396331,,,
1362.5,0.013423064,,,
1363.75,0.014069191,,,
1365,0.010687,,,
1366.25,0.006699273,,,
1367.5,0.004710825,,,
1368.75,0.026001815,,,
1370,0.025779571,,,
1371.25,0.01713171,,,
1372.5,0.008058235,,,
1373.75,0.01452505,,,
1375,0.018504104,,,
1376.25,0.00690241,,,
1377.5,0.003528322,,,
1378.75,0.006849342,,,
1380,0.013327736,,,
1381.25,0.003593324,,,
1382.5,0.01822174,,,
1383.75,0.025278231,,,
1385,0.027626941,,,
1386.25,0.016456302,,,
1387.5,0.010876406,,,
1388.75,0.002552337,,,
1390,0.020806085,,,
1391.25,0.023895783,,,
1392.5,0.01853222,,,
1393.75,0.021789802,,,
1395,0.033671316,,,
1396.25,0.028877364,,,
1397.5,0.019519497,,,
1398.75,0.012392113,,,
1400,0.019023465,,,
1401.25,0.026990619,,,
1402.5,0.034965053,,,
1403.75,0.024846962,,,
1405,0.005484896,,,
1406.25,0.015004611,,,
1407.5,0.025266388,,,
1408.75,0.016466467,,,
1410,0.007159584,,,
1411.25,0.016634168,,,
1412.5,0.006298932,,,
1413.75,0.00475404,,,
1415,0.019170064,,,
1416.25,0.021886459,,,
1417.5,0.000469503,,,
1418.75,0.01049617,,,
1420,0.00491107,,,
1421.25,0.001287469,,,
1422.5,0.010801452,,,
1423.75,0.02913733,,,
1425,0.0178911,,,
1426.25,0.005129476,,,
1427.5,0.005857639,,,
1428.75,0.006899606,,,
1430,0.012037007,,,
1431.25,0.025020847,,,
1432.5,0.027936308,,,
1433.75,0.015904045,,,
1435,0.010256635,,,
1436.25,0.010401633,,,
1437.5,0.008577363,,,
1438.75,0.01121116,,,
1440,0.005180484,,,
1441.25,0.013753228,,,
1442.5,0.013222954,,,
1443.75,0.019679189,,,
1445,0.020027792,,,
1446.25,0.017887838,,,
1447.5,0.015281224,,,
1448.75,0.014128828,,,
1450,0.00688225,,,
1451.25,0.010540934,,,
1452.5,0.012678917,,,
1453.75,0.007657115,,,
1455,0.009722305,,,
1456.25,0.022138171,,,
1457.5,0.022624474,,,
1458.75,0.003638292,,,
1460,0.021613851,,,
1461.25,0.016116546,,,
1462.5,0.009948703,,,
1463.75,0.014341762,,,
1465,0.006334744,,,
1466.25,0.00576253,,,
1467.5,0.012759991,,,
1468.75,0.009369949,,,
1470,0.002870169,,,
1471.25,0.006856493,,,
1472.5,0.004323351,,,
1473.75,0.016210038,,,
1475,0.017569209,,,
1476.25,0.013266075,,,
1477.5,0.015250297,,,
1478.75,0.006047719,,,
1480,0.019579086,,,
1481.25,0.006706588,,,
1482.5,0.011005281,,,
1483.75,0.006594016,,,
1485,0.013195223,,,
1486.25,0.012570824,,,
1487.5,0.009918998,,,
1488.75,0.010137259,,,
1490,0.016113563,,,
1491.25,0.009318098,,,
1492.5,0.010112135,,,
1493.75,0.015285909,,,
1495,0.015700545,,,
1496.25,0.008173993,,,
1497.5,0.006740866,,,
1498.75,0.012164917,,,
1500,0.003741203,,,
1501.25,0.003331429,,,
1502.5,0.005853907,,,
1503.75,0.002147083,,,
1505,0.005711776,,,
1506.25,0.002469767,,,
1507.5,0.00521969,,,
1508.75,0.002123275,,,
1510,0.002346104,,,
1511.25,0.002978056,,,
1512.5,0.008458581,,,
1513.75,0.012107624,,,
1515,0.008861713,,,
1516.25,0.01017273,,,
1517.5,0.008987277,,,
1518.75,0.002474495,,,
1520,0.01060397,,,
1521.25,0.011916503,,,
1522.5,0.002807303,,,
1523.75,0.005059777,,,
1525,0.006762547,,,
1526.25,0.016415356,,,
1527.5,0.017457061,,,
1528.75,0.002583811,,,
1530,0.018727416,,,
1531.25,0.015057902,,,
1532.5,0.004578537,,,
1533.75,0.014724697,,,
1535,0.006555337,,,
1536.25,0.009010351,,,
1537.5,0.008104727,,,
1538.75,0.004935302,,,
1540,0.007839548,,,
1541.25,0.005919409,,,
1542.5,0.004486579,,,
1543.75,0.01610579,,,
1545,0.025113622,,,
1546.25,0.017710015,,,
1547.5,0.00755515,,,
1548.75,0.001321328,,,
1550,0.014191275,,,
1551.25,0.009092233,,,
1552.5,0.007500206,,,
1553.75,0.010181808,,,
1555,0.010025525,,,
1556.25,0.011036344,,,
1557.5,0.009199743,,,
1558.75,0.013168729,,,
1560,0.010081723,,,
1561.25,0.010755816,,,
1562.5,0.004535748,,,
1563.75,0.022880718,,,
1565,0.025972808,,,
1566.25,0.017857566,,,
1567.5,0.010201586,,,
1568.75,0.013526756,,,
1570,0.018179594,,,
1571.25,0.016095292,,,
1572.5,0.018578632,,,
1573.75,0.019473629,,,
1575,0.003564863,,,
1576.25,0.013391676,,,
1577.5,0.00936021,,,
1578.75,0.005599109,,,
1580,0.015686072,,,
1581.25,0.010426716,,,
1582.5,0.01835043,,,
1583.75,0.02269705,,,
1585,0.013263701,,,
1586.25,0.015940668,,,
1587.5,0.013899082,,,
1588.75,0.00307279,,,
1590,0.004146661,,,
1591.25,0.010505224,,,
1592.5,0.020985665,,,
1593.75,0.014026593,,,
1595,0.007548773,,,
1596.25,0.005459066,,,
1597.5,0.007861774,,,
1598.75,0.0090742,,,
1600,0.008102559,,,
1601.25,0.007282362,,,
1602.5,0.003318923,,,
1603.75,0.004327888,,,
1605,0.004360607,,,
1606.25,0.007506459,,,
1607.5,0.010394645,,,
1608.75,0.009361831,,,
1610,0.006914472,,,
1611.25,0.008054356,,,
1612.5,0.006944754,,,
1613.75,0.006278809,,,
1615,0.000481651,,,
1616.25,0.011505282,,,
1617.5,0.007496783,,,
1618.75,0.013088795,,,
1620,0.022523349,,,
1621.25,0.017480114,,,
1622.5,0.007233529,,,
1623.75,0.007738123,,,
1625,0.015166589,,,
1626.25,0.029120086,,,
1627.5,0.031996898,,,
1628.75,0.009192858,,,
1630,0.01034181,,,
1631.25,0.00771391,,,
1632.5,0.012081129,,,
1633.75,0.007625945,,,
1635,0.016726658,,,
1636.25,0.027861323,,,
1637.5,0.027261849,,,
1638.75,0.014178261,,,
1640,0.012076211,,,
1641.25,0.008405462,,,
1642.5,0.00533277,,,
1643.75,0.008043766,,,
1645,0.007767196,,,
1646.25,0.020031394,,,
1647.5,0.020340124,,,
1648.75,0.004878068,,,
1650,0.013554046,,,
1651.25,0.014506735,,,
1652.5,0.002253768,,,
1653.75,0.014281992,,,
1655,0.008458244,,,
1656.25,0.006603057,,,
1657.5,0.01778391,,,
1658.75,0.019435164,,,
1660,0.024607621,,,
1661.25,0.016345274,,,
1662.5,0.010677322,,,
1663.75,0.026083132,,,
1665,0.018556524,,,
1666.25,0.00562297,,,
1667.5,0.009151325,,,
1668.75,0.009990359,,,
1670,0.007697541,,,
1671.25,0.008499412,,,
1672.5,0.013259978,,,
1673.75,0.021113183,,,
1675,0.005605075,,,
1676.25,0.017231835,,,
1677.5,0.01794818,,,
1678.75,0.010971128,,,
1680,0.004090831,,,
1681.25,0.009219659,,,
1682.5,0.009900534,,,
1683.75,0.00804283,,,
1685,0.006098684,,,
1686.25,0.016720053,,,
1687.5,0.023642272,,,
1688.75,0.018378405,,,
1690,0.011895578,,,
1691.25,0.009538199,,,
1692.5,0.010362421,,,
1693.75,0.006599938,,,
1695,0.003956547,,,
1696.25,0.003947078,,,
1697.5,0.006217504,,,
1698.75,0.017673312,,,
1700,0.013518725,,,
1701.25,0.010706241,,,
1702.5,0.025026836,,,
1703.75,0.019895529,,,
1705,0.0093254,,,
1706.25,0.001962582,,,
1707.5,0.010717678,,,
1708.75,0.016410742,,,
1710,0.013742321,,,
1711.25,0.010340273,,,
1712.5,0.018605102,,,
1713.75,0.021008249,,,
1715,0.009897387,,,
1716.25,0.012191425,,,
1717.5,0.01586807,,,
1718.75,0.015817508,,,
1720,0.014753119,,,
1721.25,0.014119907,,,
1722.5,0.015932044,,,
1723.75,0.011451564,,,
1725,0.011018774,,,
1726.25,0.010497701,,,
1727.5,0.008673469,,,
1728.75,0.00925452,,,
1730,0.016114255,,,
1731.25,0.01282059,,,
1732.5,0.008801676,,,
1733.75,0.00994647,,,
1735,0.008384041,,,
1736.25,0.012443272,,,
1737.5,0.007297872,,,
1738.75,0.006313207,,,
1740,0.016997762,,,
1741.25,0.017217837,,,
1742.5,0.00628178,,,
1743.75,0.004303287,,,
1745,0.004837489,,,
1746.25,0.008974613,,,
1747.5,0.012091323,,,
1748.75,0.006220642,,,
1750,0.00385229,,,
1751.25,0.01146499,,,
1752.5,0.012303333,,,
1753.75,0.014156112,,,
1755,0.011411274,,,
1756.25,0.013348971,,,
1757.5,0.007743431,,,
1758.75,0.008522239,,,
1760,0.016747542,,,
1761.25,0.010738017,,,
1762.5,0.010233372,,,
1763.75,0.021639839,,,
1765,0.015564527,,,
1766.25,0.007793528,,,
1767.5,0.003181544,,,
1768.75,0.006533141,,,
1770,0.009446935,,,
1771.25,0.007340082,,,
1772.5,0.000454783,,,
1773.75,0.006660694,,,
1775,0.009595555,,,
1776.25,0.009231082,,,
1777.5,0.004078444,,,
1778.75,0.005527175,,,
1780,0.006589995,,,
1781.25,0.004729955,,,
1782.5,0.00112312,,,
1783.75,0.004458155,,,
1785,0.010974215,,,
1786.25,0.010736981,,,
1787.5,0.003504208,,,
1788.75,0.004367843,,,
1790,0.008753095,,,
1791.25,0.001077252,,,
1792.5,0.00894818,,,
1793.75,0.003598157,,,
1795,0.007267183,,,
1796.25,0.003945835,,,
1797.5,0.00457121,,,
1798.75,0.009987959,,,
1800,0.008195848,,,
1801.25,0.003674976,,,
1802.5,0.006499795,,,
1803.75,0.003933392,,,
1805,0.002938209,,,
1806.25,0.00021793,,,
1807.5,0.003625883,,,
1808.75,0.003962839,,,
1810,0.002303618,,,
1811.25,0.0010733,,,
1812.5,0.001508948,,,
1813.75,0.001524588,,,
1815,0.002383744,,,
1816.25,0.006661189,,,
1817.5,0.013041216,,,
1818.75,0.008346169,,,
1820,0.002083582,,,
1821.25,0.002174247,,,
1822.5,0.003227499,,,
1823.75,0.00667582,,,
1825,0.010079304,,,
1826.25,0.006461537,,,
1827.5,0.008781877,,,
1828.75,0.007531554,,,
1830,0.002858774,,,
1831.25,0.003836308,,,
1832.5,0.006058746,,,
1833.75,0.004569491,,,
1835,0.012289429,,,
1836.25,0.012683653,,,
1837.5,0.007876882,,,
1838.75,0.004394762,,,
1840,0.001730641,,,
1841.25,0.007039791,,,
1842.5,0.009664999,,,
1843.75,0.006915003,,,
1845,0.004053944,,,
1846.25,0.005513844,,,
1847.5,0.006739039,,,
1848.75,0.000699064,,,
1850,0.003732122,,,
1851.25,0.00321366,,,
1852.5,0.004971296,,,
1853.75,0.006857728,,,
1855,0.002765175,,,
1856.25,0.004568066,,,
1857.5,0.008419623,,,
1858.75,0.004233271,,,
1860,0.003048024,,,
1861.25,0.006472552,,,
1862.5,0.003225709,,,
1863.75,0.001798885,,,
1865,0.003856328,,,
1866.25,0.00227766,,,
1867.5,0.006987068,,,
1868.75,0.005540843,,,
1870,0.005032692,,,
1871.25,0.002453576,,,
1872.5,0.003742828,,,
1873.75,0.007821798,,,
1875,0.005840597,,,
1876.25,0.007667009,,,
1877.5,0.009107487,,,
1878.75,0.005524652,,,
1880,0.005825005,,,
1881.25,0.010982379,,,
1882.5,0.009122014,,,
1883.75,0.008045291,,,
1885,0.009444183,,,
1886.25,0.002406383,,,
1887.5,0.006682585,,,
1888.75,0.007820709,,,
1890,0.004230365,,,
1891.25,0.007250248,,,
1892.5,0.008414507,,,
1893.75,0.005890768,,,
1895,0.004608654,,,
1896.25,0.004268193,,,
1897.5,0.002625382,,,
1898.75,0.004453763,,,
1900,0.002941713,,,
1901.25,0.00299707,,,
1902.5,0.002043932,,,
1903.75,0.000820454,,,
1905,0.001145734,,,
1906.25,0.001804768,,,
1907.5,0.004797977,,,
1908.75,0.004221171,,,
1910,0.00356857,,,
1911.25,0.001682152,,,
1912.5,0.003966034,,,
1913.75,0.007689018,,,
1915,0.005917671,,,
1916.25,0.004013965,,,
1917.5,0.00539757,,,
1918.75,0.001361278,,,
1920,0.005242552,,,
1921.25,0.009501074,,,
1922.5,0.00337997,,,
1923.75,0.008937323,,,
1925,0.009524408,,,
1926.25,0.004453803,,,
1927.5,0.000836501,,,
1928.75,0.004101664,,,
1930,0.002585482,,,
1931.25,0.00598443,,,
1932.5,0.006321141,,,
1933.75,0.002884749,,,
1935,0.008800804,,,
1936.25,0.006928191,,,
1937.5,0.003368085,,,
1938.75,0.003072863,,,
1940,0.002475315,,,
1941.25,0.003592924,,,
1942.5,0.008708535,,,
1943.75,0.007462048,,,
1945,0.003783061,,,
1946.25,0.005406898,,,
1947.5,0.00502007,,,
1948.75,0.002281686,,,
1950,0.002928918,,,
1951.25,0.004821364,,,
1952.5,0.006998156,,,
1953.75,0.005720374,,,
1955,0.004194176,,,
1956.25,0.000747035,,,
1957.5,0.002334709,,,
1958.75,0.004609903,,,
1960,0.005097614,,,
1961.25,0.002266252,,,
1962.5,0.002261166,,,
1963.75,0.001218148,,,
1965,0.002251684,,,
1966.25,0.002642632,,,
1967.5,0.006475217,,,
1968.75,0.005612575,,,
1970,0.002000588,,,
1971.25,0.005188458,,,
1972.5,0.004193992,,,
1973.75,0.002261132,,,
1975,0.002766749,,,
1976.25,0.001139328,,,
1977.5,0.002836662,,,
1978.75,0.00467796,,,
1980,0.006290612,,,
1981.25,0.005306353,,,
1982.5,0.00180539,,,
1983.75,0.003218875,,,
1985,0.005503249,,,
1986.25,0.005054048,,,
1987.5,0.003737977,,,
1988.75,0.004402274,,,
1990,0.007661032,,,
1991.25,0.001716349,,,
1992.5,0.005075236,,,
1993.75,0.007126856,,,
1995,0.003618826,,,
1996.25,0.004032928,,,
1997.5,0.005564755,,,
1998.75,0.001563066,,,
2000,0.001129825,,,
