Date/Time,01 Jul 2026 14.53.10,,,
Application,CtC,,,
,,,,
Unit ID,12345678,,,
OVD,NO,,,
,,,,
,,,,
,,,CH1 Units,mm/s
,,,,
,,,,
,,,CH1 Y-Axis,Linear
,,,,
,,,,
Sensitivity,23.6,,,
,,,,
,,,,
,,,,
,,,,
,,,,
,,,,
Max Freq / Orders,1000,,,
,,,,
,,,,
,,,,
Detection,RMS,,,
No. of Lines,800,,,
Window Type,Hanning,,,
,,,,
,,,,
,,,,
,,,,
,,,,
,,,,
,,,,
,,,,
,,,,
,,,,
,,,,
,,,,
,,,,
,,,,
,,,,
,,,,
,,,,
,,,,
Y-axis Units,Velocity (mm/s),,,
X-axis Units,Hz,,,
,,,,
,,,,
Sensor Type,Accel (g),,,
,,,,
,,,,
,,,,
,,,,
,,,,
,,,,
RPM,1755,,,
,,,,
Overall,3.1642728,,,
X-Axis,Y-Axis,,,
0,0,,,
1.25,0,,,
2.5,0,,,
3.75,0,,,
5,0,,,
6.25,0,,,
7.5,0,,,
8.75,0,,,
10,2.691180706,,,
11.25,0.12011493,,,
12.5,0.092377745,,,
13.75,0.103281349,,,
15,0.351880074,,,
16.25,1.707979918,,,
17.5,1.821078062,,,
18.75,0.43573603,,,
20,0.048850793,,,
21.25,0.052246731,,,
22.5,0.042403303,,,
23.75,0.044359896,,,
25,0.133309975,,,
26.25,0.090820417,,,
27.5,0.004358544,,,
28.75,0.019377764,,,
30,0.021323446,,,
31.25,0.029765008,,,
32.5,0.046913818,,,
33.75,0.070771538,,,
35,0.048935063,,,
36.25,0.017732592,,,
37.5,0.047257744,,,
38.75,0.046970505,,,
40,0.022781597,,,
41.25,0.063701466,,,
42.5,0.101814702,,,
43.75,0.053544328,,,
45,0.025076617,,,
46.25,0.022468379,,,
47.5,0.022941396,,,
48.75,0.022415899,,,
50,0.020592764,,,
51.25,0.018662689,,,
52.5,0.013232956,,,
53.75,0.00903141,,,
55,0.007491538,,,
56.25,0.00907651,,,
57.5,0.00821119,,,
58.75,0.005374142,,,
60,0.00608027,,,
61.25,0.006544393,,,
62.5,0.002976667,,,
63.75,0.003464677,,,
65,0.002392347,,,
66.25,0.003901951,,,
67.5,0.01410353,,,
68.75,0.013737744,,,
70,0.005119207,,,
71.25,0.003201738,,,
72.5,0.003739764,,,
73.75,0.006344953,,,
75,0.004977662,,,
76.25,0.00608935,,,
77.5,0.005093936,,,
78.75,0.003157977,,,
80,0.002948235,,,
81.25,0.002318954,,,
82.5,0.004349056,,,
83.75,0.004714855,,,
85,0.009011595,,,
86.25,0.004777608,,,
87.5,0.001890509,,,
88.75,0.002936587,,,
90,0.003929765,,,
91.25,0.001957745,,,
92.5,0.000996097,,,
93.75,0.002818272,,,
95,0.004032989,,,
96.25,0.002409261,,,
97.5,0.006221854,,,
98.75,0.003847897,,,
100,0.004175781,,,
101.25,0.008051675,,,
102.5,0.007120293,,,
103.75,0.001521531,,,
105,0.004812353,,,
106.25,0.007109825,,,
107.5,0.005994136,,,
108.75,0.003770904,,,
110,0.005498051,,,
111.25,0.004324476,,,
112.5,0.001661541,,,
113.75,0.006016814,,,
115,0.009450841,,,
116.25,0.00402411,,,
117.5,0.003103836,,,
118.75,0.005303077,,,
120,0.002920421,,,
121.25,0.001654531,,,
122.5,0.003021986,,,
123.75,0.000394691,,,
125,0.002371516,,,
126.25,0.001462043,,,
127.5,0.001056895,,,
128.75,0.003319615,,,
130,0.003458739,,,
131.25,0.003203066,,,
132.5,0.003574857,,,
133.75,0.003400894,,,
135,0.004348517,,,
136.25,0.003979371,,,
137.5,0.000833479,,,
138.75,0.001251177,,,
140,0.002289595,,,
141.25,0.005451668,,,
142.5,0.003168122,,,
143.75,0.002840859,,,
145,0.002619315,,,
146.25,0.000830228,,,
147.5,0.001506387,,,
148.75,0.001068554,,,
150,0.001265523,,,
151.25,0.001216133,,,
152.5,0.001582466,,,
153.75,0.001708472,,,
155,0.000266968,,,
156.25,0.001010948,,,
157.5,0.000944823,,,
158.75,0.002591087,,,
160,0.003854563,,,
161.25,0.00463703,,,
162.5,0.00645515,,,
163.75,0.009896556,,,
165,0.006936249,,,
166.25,0.003638651,,,
167.5,0.001907543,,,
168.75,0.001958532,,,
170,0.004371713,,,
171.25,0.004012659,,,
172.5,0.003717843,,,
173.75,0.003650728,,,
175,0.002145773,,,
176.25,0.001956713,,,
177.5,0.003353413,,,
178.75,0.003539169,,,
180,0.003119561,,,
181.25,0.004195209,,,
182.5,0.005070638,,,
183.75,0.002485714,,,
185,0.007820184,,,
186.25,0.01251916,,,
187.5,0.005221938,,,
188.75,0.003881111,,,
190,0.003050498,,,
191.25,0.001285901,,,
192.5,0.001597541,,,
193.75,0.002272419,,,
195,0.005773509,,,
196.25,0.007404093,,,
197.5,0.007254309,,,
198.75,0.004064379,,,
200,0.004384126,,,
201.25,0.004392497,,,
202.5,0.004978843,,,
203.75,0.042326674,,,
205,0.071119428,,,
206.25,0.029823797,,,
207.5,0.002026475,,,
208.75,0.004599988,,,
210,0.007143606,,,
211.25,0.005773907,,,
212.5,0.002854153,,,
213.75,0.018554172,,,
215,0.01706503,,,
216.25,0.006781188,,,
217.5,0.00999057,,,
218.75,0.008485992,,,
220,0.012979912,,,
221.25,0.020812649,,,
222.5,0.02092191,,,
223.75,0.020154141,,,
225,0.009620061,,,
226.25,0.02436755,,,
227.5,0.033657476,,,
228.75,0.01711962,,,
230,0.013318428,,,
231.25,0.005973031,,,
232.5,0.004672072,,,
233.75,0.004199946,,,
235,0.005358445,,,
236.25,0.017534824,,,
237.5,0.02720549,,,
238.75,0.009268799,,,
240,0.007962496,,,
241.25,0.015480948,,,
242.5,0.019505735,,,
243.75,0.007329121,,,
245,0.090716682,,,
246.25,0.118594922,,,
247.5,0.03450102,,,
248.75,0.010461371,,,
250,0.005050095,,,
251.25,0.00144234,,,
252.5,0.00498356,,,
253.75,0.019600883,,,
255,0.029754765,,,
256.25,0.015083203,,,
257.5,0.000648235,,,
258.75,0.004701411,,,
260,0.005646106,,,
261.25,0.00726183,,,
262.5,0.002867914,,,
263.75,0.012724459,,,
265,0.024433639,,,
266.25,0.014736936,,,
267.5,0.022382006,,,
268.75,0.025858108,,,
270,0.017688004,,,
271.25,0.010370321,,,
272.5,0.007598241,,,
273.75,0.00365519,,,
275,0.004311717,,,
276.25,0.00671603,,,
277.5,0.031801064,,,
278.75,0.020850973,,,
280,0.018046584,,,
281.25,0.019010123,,,
282.5,0.016979758,,,
283.75,0.011774195,,,
285,0.009337525,,,
286.25,0.058152106,,,
287.5,0.05971368,,,
288.75,0.011565669,,,
290,0.010970681,,,
291.25,0.013093612,,,
292.5,0.010530863,,,
293.75,0.006967494,,,
295,0.012100225,,,
296.25,0.020639047,,,
297.5,0.010188447,,,
298.75,0.003624055,,,
300,0.007298935,,,
301.25,0.011145739,,,
302.5,0.011302976,,,
303.75,0.002087346,,,
305,0.003583438,,,
306.25,0.009337882,,,
307.5,0.002729957,,,
308.75,0.008629726,,,
310,0.007662019,,,
311.25,0.013769452,,,
312.5,0.012474132,,,
313.75,0.009974941,,,
315,0.008767489,,,
316.25,0.006938825,,,
317.5,0.003521116,,,
318.75,0.009231171,,,
320,0.009467719,,,
321.25,0.004829957,,,
322.5,0.009992812,,,
323.75,0.012954036,,,
325,0.007826262,,,
326.25,0.007748303,,,
327.5,0.025451314,,,
328.75,0.019401766,,,
330,0.010839353,,,
331.25,0.002947578,,,
332.5,0.002677382,,,
333.75,0.002258566,,,
335,0.00368633,,,
336.25,0.010157853,,,
337.5,0.010430853,,,
338.75,0.012593608,,,
340,0.004681736,,,
341.25,0.004298428,,,
342.5,0.003236522,,,
343.75,0.004398605,,,
345,0.001991625,,,
346.25,0.000329319,,,
347.5,0.005050469,,,
348.75,0.002725572,,,
350,0.010565179,,,
351.25,0.005461717,,,
352.5,0.001620098,,,
353.75,0.002717705,,,
355,0.003622685,,,
356.25,0.004309382,,,
357.5,0.004415283,,,
358.75,0.008913367,,,
360,0.007942565,,,
361.25,0.00207364,,,
362.5,0.007764407,,,
363.75,0.012446962,,,
365,0.01369853,,,
366.25,0.008508407,,,
367.5,0.005074962,,,
368.75,0.01335516,,,
370,0.004934479,,,
371.25,0.003894155,,,
372.5,0.00449468,,,
373.75,0.006261737,,,
375,0.005536604,,,
376.25,0.003875616,,,
377.5,0.005182197,,,
378.75,0.010808907,,,
380,0.010532217,,,
381.25,0.004437572,,,
382.5,0.004760309,,,
383.75,0.003469088,,,
385,0.004109396,,,
386.25,0.004009747,,,
387.5,0.008451975,,,
388.75,0.007586226,,,
390,0.004013689,,,
391.25,0.003454152,,,
392.5,0.005083933,,,
393.75,0.003216726,,,
395,0.010366775,,,
396.25,0.016521506,,,
397.5,0.01178351,,,
398.75,0.007243829,,,
400,0.004404878,,,
401.25,0.001562513,,,
402.5,0.001793101,,,
403.75,0.00346525,,,
405,0.004272628,,,
406.25,0.007898887,,,
407.5,0.004642088,,,
408.75,0.010511163,,,
410,0.012353846,,,
411.25,0.004238638,,,
412.5,0.004087626,,,
413.75,0.010772893,,,
415,0.00808044,,,
416.25,0.00334167,,,
417.5,0.002357976,,,
418.75,0.003930226,,,
420,0.002382238,,,
421.25,0.006212854,,,
422.5,0.002731783,,,
423.75,0.00601755,,,
425,0.005279237,,,
426.25,0.004837412,,,
427.5,0.003609659,,,
428.75,0.005113364,,,
430,0.002822569,,,
431.25,0.002556795,,,
432.5,0.004739455,,,
433.75,0.007924542,,,
435,0.01222886,,,
436.25,0.011825689,,,
437.5,0.003564181,,,
438.75,0.009763387,,,
440,0.008225451,,,
441.25,0.009062118,,,
442.5,0.00442752,,,
443.75,0.007861016,,,
445,0.01049039,,,
446.25,0.01036458,,,
447.5,0.010783088,,,
448.75,0.013363941,,,
450,0.013376432,,,
451.25,0.018614927,,,
452.5,0.013014062,,,
453.75,0.023847453,,,
455,0.018905023,,,
456.25,0.008383467,,,
457.5,0.008942636,,,
458.75,0.01066681,,,
460,0.020672727,,,
461.25,0.009371157,,,
462.5,0.012433968,,,
463.75,0.012499728,,,
465,0.00857579,,,
466.25,0.011476096,,,
467.5,0.008399948,,,
468.75,0.011048062,,,
470,0.008684046,,,
471.25,0.007768588,,,
472.5,0.008193162,,,
473.75,0.010433211,,,
475,0.017907707,,,
476.25,0.015920665,,,
477.5,0.003906039,,,
478.75,0.010046482,,,
480,0.012519016,,,
481.25,0.010120276,,,
482.5,0.004252747,,,
483.75,0.00818885,,,
485,0.003791425,,,
486.25,0.011101933,,,
487.5,0.01871492,,,
488.75,0.016950628,,,
490,0.009058318,,,
491.25,0.011454465,,,
492.5,0.016016768,,,
493.75,0.005897288,,,
495,0.014838083,,,
496.25,0.017920924,,,
497.5,0.013708998,,,
498.75,0.010450824,,,
500,0.00425265,,,
501.25,0.019529939,,,
502.5,0.011772467,,,
503.75,0.010040058,,,
505,0.021150567,,,
506.25,0.008536641,,,
507.5,0.008429368,,,
508.75,0.018889094,,,
510,0.012024192,,,
511.25,0.00804804,,,
512.5,0.007903669,,,
513.75,0.014801969,,,
515,0.009994209,,,
516.25,0.015942289,,,
517.5,0.011631693,,,
518.75,0.023929248,,,
520,0.034610014,,,
521.25,0.019926909,,,
522.5,0.010716227,,,
523.75,0.028181745,,,
525,0.003050146,,,
526.25,0.01850763,,,
527.5,0.026507705,,,
528.75,0.043172199,,,
530,0.032888986,,,
531.25,0.030625694,,,
532.5,0.052530099,,,
533.75,0.037013225,,,
535,0.018248186,,,
536.25,0.041961856,,,
537.5,0.047667824,,,
538.75,0.013638003,,,
540,0.010643546,,,
541.25,0.024926523,,,
542.5,0.034213595,,,
543.75,0.01786112,,,
545,0.037313897,,,
546.25,0.028288821,,,
547.5,0.012154843,,,
548.75,0.029592169,,,
550,0.038407005,,,
551.25,0.034970418,,,
552.5,0.023425138,,,
553.75,0.028419148,,,
555,0.043277096,,,
556.25,0.02679101,,,
557.5,0.010632918,,,
558.75,0.017434129,,,
560,0.016680699,,,
561.25,0.005349835,,,
562.5,0.020838361,,,
563.75,0.021339633,,,
565,0.028703161,,,
566.25,0.002849614,,,
567.5,0.016027849,,,
568.75,0.024836952,,,
570,0.017063905,,,
571.25,0.011269315,,,
572.5,0.017118327,,,
573.75,0.017189568,,,
575,0.00890996,,,
576.25,0.017472068,,,
577.5,0.016386373,,,
578.75,0.023039218,,,
580,0.019708604,,,
581.25,0.004407268,,,
582.5,0.013475379,,,
583.75,0.012759988,,,
585,0.014594704,,,
586.25,0.013512675,,,
587.5,0.010064914,,,
588.75,0.01535017,,,
590,0.008636917,,,
591.25,0.005153069,,,
592.5,0.008200577,,,
593.75,0.004890647,,,
595,0.004114788,,,
596.25,0.005019157,,,
597.5,0.007269164,,,
598.75,0.014416841,,,
600,0.009850953,,,
601.25,0.005767926,,,
602.5,0.00637903,,,
603.75,0.001973338,,,
605,0.004836705,,,
606.25,0.003542251,,,
607.5,0.003240604,,,
608.75,0.002380545,,,
610,0.006166014,,,
611.25,0.00571236,,,
612.5,0.003823315,,,
613.75,0.008057043,,,
615,0.015153829,,,
616.25,0.008515272,,,
617.5,0.005767988,,,
618.75,0.010643945,,,
620,0.007290466,,,
621.25,0.003540484,,,
622.5,0.007284979,,,
623.75,0.007011269,,,
625,0.003978823,,,
626.25,0.001975284,,,
627.5,0.005136548,,,
628.75,0.006690681,,,
630,0.004812133,,,
631.25,0.002022956,,,
632.5,0.003813294,,,
633.75,0.006629367,,,
635,0.000541519,,,
636.25,0.009833938,,,
637.5,0.009938288,,,
638.75,0.005371558,,,
640,0.004677572,,,
641.25,0.001946451,,,
642.5,0.002656285,,,
643.75,0.004277143,,,
645,0.008964525,,,
646.25,0.007746763,,,
647.5,0.004399307,,,
648.75,0.006653635,,,
650,0.008965508,,,
651.25,0.012129841,,,
652.5,0.011566333,,,
653.75,0.010949913,,,
655,0.006643324,,,
656.25,0.005810454,,,
657.5,0.006773682,,,
658.75,0.006907602,,,
660,0.012807162,,,
661.25,0.012773086,,,
662.5,0.007225564,,,
663.75,0.006614856,,,
665,0.004458365,,,
666.25,0.007251306,,,
667.5,0.008911507,,,
668.75,0.011440147,,,
670,0.004093581,,,
671.25,0.015755039,,,
672.5,0.00931649,,,
673.75,0.003279534,,,
675,0.007392219,,,
676.25,0.006232449,,,
677.5,0.008437616,,,
678.75,0.016030649,,,
680,0.010231614,,,
681.25,0.009211224,,,
682.5,0.014632577,,,
683.75,0.009451964,,,
685,0.002322742,,,
686.25,0.013911181,,,
687.5,0.024176788,,,
688.75,0.005158984,,,
690,0.01635992,,,
691.25,0.013206365,,,
692.5,0.018824434,,,
693.75,0.018332748,,,
695,0.013634054,,,
696.25,0.011757942,,,
697.5,0.013955764,,,
698.75,0.009420867,,,
700,0.00774284,,,
701.25,0.00847174,,,
702.5,0.006382161,,,
703.75,0.008579188,,,
705,0.013085809,,,
706.25,0.013103386,,,
707.5,0.003804818,,,
708.75,0.005116847,,,
710,0.008301766,,,
711.25,0.003762664,,,
712.5,0.008247714,,,
713.75,0.011138698,,,
715,0.002859565,,,
716.25,0.005017769,,,
717.5,0.007717335,,,
718.75,0.003627787,,,
720,0.010950622,,,
721.25,0.021750603,,,
722.5,0.008955491,,,
723.75,0.007068819,,,
725,0.004717119,,,
726.25,0.005858001,,,
727.5,0.007670393,,,
728.75,0.012702723,,,
730,0.010880413,,,
731.25,0.004215522,,,
732.5,0.000358568,,,
733.75,0.004698329,,,
735,0.005609162,,,
736.25,0.007746061,,,
737.5,0.005713957,,,
738.75,0.009457613,,,
740,0.013543998,,,
741.25,0.009208691,,,
742.5,0.000442125,,,
743.75,0.005374912,,,
745,0.000587614,,,
746.25,0.001557482,,,
747.5,0.002213357,,,
748.75,0.000977067,,,
750,0.002305894,,,
751.25,0.002683372,,,
752.5,0.006743642,,,
753.75,0.008007687,,,
755,0.008833304,,,
756.25,0.012295454,,,
757.5,0.012636141,,,
758.75,0.003369973,,,
760,0.009096712,,,
761.25,0.006133298,,,
762.5,0.012307559,,,
763.75,0.014347567,,,
765,0.012378963,,,
766.25,0.011052663,,,
767.5,0.008975502,,,
768.75,0.010781545,,,
770,0.018086314,,,
771.25,0.01132893,,,
772.5,0.01038396,,,
773.75,0.021765662,,,
775,0.022081576,,,
776.25,0.014496392,,,
777.5,0.007661478,,,
778.75,0.042007688,,,
780,0.035741381,,,
781.25,0.029239463,,,
782.5,0.032354936,,,
783.75,0.022646213,,,
785,0.01537663,,,
786.25,0.017813677,,,
787.5,0.008346435,,,
788.75,0.005112638,,,
790,0.002187879,,,
791.25,0.007050544,,,
792.5,0.004680517,,,
793.75,0.008047799,,,
795,0.005351232,,,
796.25,0.020339839,,,
797.5,0.019592736,,,
798.75,0.009928205,,,
800,0.020591009,,,
801.25,0.014052914,,,
802.5,0.006429515,,,
803.75,0.011387398,,,
805,0.011754955,,,
806.25,0.009255228,,,
807.5,0.008565835,,,
808.75,0.013100633,,,
810,0.003157045,,,
811.25,0.008696281,,,
812.5,0.002268842,,,
813.75,0.00327061,,,
815,0.009597717,,,
816.25,0.013032553,,,
817.5,0.004659065,,,
818.75,0.023404682,,,
820,0.039849635,,,
821.25,0.019327486,,,
822.5,0.011164696,,,
823.75,0.020049913,,,
825,0.01310081,,,
826.25,0.009845605,,,
827.5,0.01347318,,,
828.75,0.005144002,,,
830,0.009484061,,,
831.25,0.009189439,,,
832.5,0.012837306,,,
833.75,0.010163557,,,
835,0.003861087,,,
836.25,0.005755702,,,
837.5,0.009922723,,,
838.75,0.013972509,,,
840,0.009664715,,,
841.25,0.001138707,,,
842.5,0.005728079,,,
843.75,0.008466724,,,
845,0.004987462,,,
846.25,0.004808715,,,
847.5,0.005308918,,,
848.75,0.01278986,,,
850,0.005541821,,,
851.25,0.0079181,,,
852.5,0.011207486,,,
853.75,0.0084946,,,
855,0.010090615,,,
856.25,0.014603554,,,
857.5,0.01564515,,,
858.75,0.008132172,,,
860,0.007561261,,,
861.25,0.009589527,,,
862.5,0.003347904,,,
863.75,0.011427327,,,
865,0.013570704,,,
866.25,0.006982879,,,
867.5,0.002068332,,,
868.75,0.007907213,,,
870,0.009889918,,,
871.25,0.006105219,,,
872.5,0.0019303,,,
873.75,0.008029472,,,
875,0.010325328,,,
876.25,0.008159649,,,
877.5,0.001603763,,,
878.75,0.008496327,,,
880,0.008941671,,,
881.25,0.00738193,,,
882.5,0.010604114,,,
883.75,0.009243898,,,
885,0.006012205,,,
886.25,0.014794022,,,
887.5,0.008255998,,,
888.75,0.006081028,,,
890,0.013241181,,,
891.25,0.016696353,,,
892.5,0.008877829,,,
893.75,0.011495179,,,
895,0.005490798,,,
896.25,0.013095986,,,
897.5,0.018884193,,,
898.75,0.009855199,,,
900,0.011100341,,,
901.25,0.02429918,,,
902.5,0.022822663,,,
903.75,0.007110508,,,
905,0.005725811,,,
906.25,0.013723548,,,
907.5,0.016171159,,,
908.75,0.018574573,,,
910,0.011233455,,,
911.25,0.004669005,,,
912.5,0.006559354,,,
913.75,0.00568719,,,
915,0.004933468,,,
916.25,0.006939454,,,
917.5,0.006597289,,,
918.75,0.004472282,,,
920,0.014477842,,,
921.25,0.011157671,,,
922.5,0.014577573,,,
923.75,0.016077617,,,
925,0.018956702,,,
926.25,0.012103901,,,
927.5,0.012207332,,,
928.75,0.006011628,,,
930,0.006933448,,,
931.25,0.005917718,,,
932.5,0.012744725,,,
933.75,0.016511258,,,
935,0.007426003,,,
936.25,0.004900877,,,
937.5,0.01543204,,,
938.75,0.021649577,,,
940,0.015492348,,,
941.25,0.01221702,,,
942.5,0.022705615,,,
943.75,0.012339687,,,
945,0.003040968,,,
946.25,0.007608143,,,
947.5,0.013521074,,,
948.75,0.002988545,,,
950,0.015912622,,,
951.25,0.018392136,,,
952.5,0.009151843,,,
953.75,0.013882141,,,
955,0.009341692,,,
956.25,0.008319438,,,
957.5,0.012802327,,,
958.75,0.024446452,,,
960,0.008492623,,,
961.25,0.014047585,,,
962.5,0.006581122,,,
963.75,0.005343602,,,
965,0.015371638,,,
966.25,0.023683181,,,
967.5,0.018255919,,,
968.75,0.007405593,,,
970,0.003735858,,,
971.25,0.013768794,,,
972.5,0.016495816,,,
973.75,0.010992984,,,
975,0.006507986,,,
976.25,0.004764755,,,
977.5,0.011092825,,,
978.75,0.004688424,,,
980,0.014206826,,,
981.25,0.012643495,,,
982.5,0.018165724,,,
983.75,0.039926987,,,
985,0.038561553,,,
986.25,0.025336767,,,
987.5,0.016843382,,,
988.75,0.012368497,,,
990,0.008466651,,,
991.25,0.006473508,,,
992.5,0.017666014,,,
993.75,0.018461542,,,
995,0.0082362,,,
996.25,0.01539785,,,
997.5,0.008522086,,,
998.75,0.015738131,,,
1000,0.019240202,,,
